ip代理地址,类型,连接速度,有效期,验证时间,所属地址,是否匿名
122.114.31.177:808,HTTP,0.107,55天,18-01-21 17:41,河南郑州,高匿
61.135.217.7:80,HTTP,0.324,618天,18-01-21 17:41,北京,高匿
59.173.211.127:8118,HTTP,0.25,9小时,18-01-21 17:40,湖北武汉,高匿
114.105.5.190:8118,HTTP,0.21,13小时,18-01-21 17:39,安徽合肥市巢湖,高匿
123.130.22.120:8118,HTTPS,0.217,1小时,18-01-21 17:37,山东烟台,高匿
123.185.131.93:8118,HTTPS,0.109,8小时,18-01-21 17:33,辽宁大连,高匿
220.162.77.66:39423,HTTPS,0.191,33天,18-01-21 17:33,福建泉州,高匿
112.83.242.48:8118,HTTPS,0.701,7小时,18-01-21 17:32,江苏宿迁,高匿
122.143.156.101:80,HTTP,0.137,11小时,18-01-21 17:27,吉林四平,高匿
116.231.63.104:8118,HTTPS,0.41,1天,18-01-21 17:27,上海,高匿
106.112.168.39:808,HTTPS,0.284,11小时,18-01-21 17:26,河北,高匿
183.158.0.197:808,HTTP,0.541,18小时,18-01-21 17:23,浙江杭州,高匿
139.210.54.32:8118,HTTPS,0.144,17小时,18-01-21 17:23,吉林长春,高匿
112.255.5.52:8118,HTTPS,0.937,13小时,18-01-21 17:13,山东青岛,高匿
114.243.67.243:8118,HTTP,0.136,1天,18-01-21 17:10,北京,高匿
27.213.107.44:8118,HTTPS,0.087,6小时,18-01-21 17:10,山东烟台,高匿
112.93.123.115:8118,HTTP,0.168,6小时,18-01-21 17:07,广东佛山,高匿
119.181.175.226:8118,HTTPS,0.328,7小时,18-01-21 17:01,山东淄博,高匿
120.15.156.56:8118,HTTPS,0.156,6小时,18-01-21 16:56,河北衡水,高匿
112.81.30.60:8118,HTTPS,0.166,1天,18-01-21 16:56,江苏苏州,高匿
116.8.80.197:8118,HTTPS,0.299,8小时,18-01-21 16:55,广西,高匿
113.63.49.98:80,HTTP,0.271,13小时,18-01-21 16:54,云南昆明,高匿
101.17.28.61:8118,HTTP,0.271,4小时,18-01-21 16:54,河北唐山,高匿
27.225.187.105:8118,HTTPS,0.195,4小时,18-01-21 16:50,甘肃武威,高匿
58.209.56.134:8118,HTTPS,0.155,10小时,18-01-21 16:39,江苏苏州,高匿
180.118.128.21:42619,HTTPS,0.154,3小时,18-01-21 16:34,江苏镇江,高匿
125.118.76.152:808,HTTP,0.182,402天,18-01-21 16:33,浙江杭州,高匿
117.36.103.170:8118,HTTPS,0.11,4天,18-01-21 16:32,陕西西安,高匿
27.10.232.26:8118,HTTP,0.224,7小时,18-01-21 16:18,重庆,高匿
119.29.178.21:8118,HTTP,0.214,182天,18-01-21 16:04,北京,高匿
219.149.46.151:3129,HTTPS,0.136,149天,18-01-21 16:03,辽宁锦州,高匿
61.154.90.126:808,HTTPS,0.38,9小时,18-01-21 15:55,福建泉州,高匿
218.72.126.49:8118,HTTPS,0.434,6小时,18-01-21 15:55,浙江杭州,高匿
111.164.161.29:8888,HTTPS,0.046,2小时,18-01-21 15:50,天津,高匿
27.44.183.181:8118,HTTP,0.476,12小时,18-01-21 15:31,广东东莞,高匿
27.40.157.65:61234,HTTP,0.64,11小时,18-01-21 15:10,广东湛江,高匿
39.88.36.115:8118,HTTP,0.378,4天,18-01-21 15:03,山东,高匿
175.174.129.203:80,HTTP,0.158,6小时,18-01-21 15:02,辽宁抚顺,高匿
116.25.226.152:8118,HTTP,0.192,17小时,18-01-21 14:57,广东深圳,高匿
49.72.163.84:8118,HTTPS,0.398,8小时,18-01-21 14:53,江苏苏州,高匿
220.165.229.125:8118,HTTP,0.603,6小时,18-01-21 14:52,云南昆明,高匿
1.86.96.42:8118,HTTP,0.448,8小时,18-01-21 14:40,陕西西安,高匿
58.42.203.165:8118,HTTPS,0.311,4小时,18-01-21 14:26,贵州六盘水,高匿
223.241.118.41:8010,HTTP,0.273,20天,18-01-21 14:11,安徽,高匿
115.225.106.194:8118,HTTPS,0.228,5小时,18-01-21 14:05,浙江绍兴,高匿
120.79.195.52:8080,HTTPS,0.266,13小时,18-01-21 14:00,,高匿
139.198.191.105:8888,HTTP,0.123,4天,18-01-21 13:57,,高匿
39.86.42.244:8118,HTTPS,0.422,14小时,18-01-21 13:30,山东,高匿
27.213.143.94:8118,HTTPS,0.103,9小时,18-01-21 13:26,山东,高匿
113.204.226.158:808,HTTP,0.913,813天,18-01-21 13:13,重庆,高匿
49.85.8.202:25346,HTTPS,0.168,23天,18-01-21 12:22,江苏泰州,高匿
182.42.244.231:808,HTTPS,0.146,15小时,18-01-21 12:03,山东,高匿
139.208.197.180:8118,HTTP,0.152,10小时,18-01-21 11:50,吉林,高匿
122.4.46.192:36775,HTTPS,0.116,9天,18-01-21 11:46,山东济南,高匿
121.226.173.85:808,HTTP,0.249,297天,18-01-21 11:45,江苏,高匿
223.241.118.99:808,HTTP,0.922,61天,18-01-21 11:31,安徽,高匿
119.108.238.170:8118,HTTP,0.936,11小时,18-01-21 10:03,辽宁沈阳,高匿
114.252.162.160:8118,HTTPS,0.039,4天,18-01-21 09:12,北京,高匿
111.132.202.120:8118,HTTP,0.053,1天,18-01-21 09:10,北京,高匿
118.254.38.144:808,HTTPS,0.222,13小时,18-01-21 07:44,湖南张家界,高匿
112.74.92.26:808,HTTP,0.23,48天,18-01-21 07:15,广东佛山,高匿
120.33.247.161:30245,HTTPS,0.745,39天,18-01-21 06:11,福建莆田,高匿
183.163.42.102:62225,HTTPS,0.83,113天,18-01-21 06:01,安徽蚌埠,高匿
139.199.87.42:80,HTTP,0.213,1天,18-01-21 05:40,,高匿
180.118.241.113:61234,HTTPS,0.235,12天,18-01-21 05:00,江苏镇江,高匿
202.103.14.155:8118,HTTP,0.202,3天,18-01-21 04:36,湖北天门,高匿
139.199.170.73:80,HTTPS,0.24,4天,18-01-21 03:51,,高匿
180.112.39.56:23521,HTTPS,0.311,263天,18-01-21 02:22,江苏无锡,高匿
182.88.187.217:8123,HTTPS,0.483,54天,18-01-21 00:11,广西南宁,高匿
121.31.198.251:8123,HTTP,0.252,714天,18-01-20 23:15,广西桂林,高匿
113.121.240.19:808,HTTPS,0.175,182天,18-01-20 23:15,山东德州,高匿
171.13.37.142:808,HTTP,0.419,293天,18-01-20 23:15,河南,高匿
110.73.13.27:8123,HTTPS,0.869,201天,18-01-20 22:33,广西防城港,高匿
49.115.205.154:8118,HTTP,0.409,2天,18-01-20 22:14,新疆,高匿
124.89.33.59:53281,HTTPS,0.11,160天,18-01-20 22:11,陕西渭南,高匿
110.72.46.49:8123,HTTP,0.433,620天,18-01-20 22:01,广西贵港,高匿
219.155.10.30:8118,HTTP,0.114,3天,18-01-20 21:45,河南郑州,高匿
14.211.116.16:9999,HTTP,0.2,342天,18-01-20 21:33,广东佛山,高匿
116.248.165.40:80,HTTPS,0.347,1天,18-01-20 20:42,云南怒江州,高匿
180.118.241.201:61234,HTTP,0.326,111天,18-01-20 19:58,江苏镇江,高匿
110.189.207.22:25276,HTTP,0.577,34天,18-01-20 19:33,四川德阳,高匿
221.202.248.52:80,HTTPS,0.113,2天,18-01-20 19:15,辽宁锦州,高匿
110.88.247.188:27658,HTTPS,0.467,10天,18-01-20 18:33,福建泉州,高匿
58.57.75.142:63000,HTTP,0.126,783天,18-01-20 16:45,山东潍坊,高匿
110.73.49.148:8123,HTTP,0.26,820天,18-01-20 15:44,广西南宁,高匿
113.121.243.37:808,HTTPS,0.625,287天,18-01-20 15:33,山东德州,高匿
110.88.127.21:45018,HTTPS,0.57,3天,18-01-20 14:22,福建福州,高匿
113.121.243.57:808,HTTPS,0.263,266天,18-01-20 14:16,山东德州,高匿
117.65.38.28:52335,HTTPS,0.156,88天,18-01-20 12:55,安徽蚌埠,高匿
111.155.124.69:8123,HTTP,0.473,524天,18-01-20 12:30,北京,高匿
60.9.61.138:8118,HTTPS,0.783,1天,18-01-20 12:05,河北衡水,高匿
115.29.170.58:8118,HTTP,0.142,516天,18-01-20 10:44,北京,高匿
110.73.0.24:8123,HTTP,0.282,703天,18-01-20 09:22,广西防城港,高匿
171.38.25.210:8123,HTTP,0.316,527天,18-01-20 09:11,广西玉林,高匿
112.114.96.94:8118,HTTP,0.359,162天,18-01-20 08:05,云南临沧,高匿
120.34.90.155:37132,HTTP,0.217,63天,18-01-20 07:46,福建龙岩,高匿
122.225.17.123:8080,HTTP,0.211,2天,18-01-20 07:18,浙江嘉兴,高匿
116.231.33.9:8118,HTTPS,0.244,1天,18-01-20 05:43,上海,高匿
110.73.30.143:8123,HTTP,0.258,718天,18-01-19 23:15,广西防城港,高匿
111.155.124.84:8123,HTTP,0.356,537天,18-01-19 22:55,北京,高匿
118.254.149.228:3128,HTTP,0.242,4天,18-01-19 22:15,湖南衡阳,高匿
221.10.159.234:1337,HTTP,0.447,817天,18-01-19 21:36,四川内江,高匿
113.128.30.66:46091,HTTPS,0.697,42天,18-01-19 21:30,山东济南,高匿
110.73.40.23:8123,HTTPS,0.553,119天,18-01-19 21:15,广西南宁,高匿
223.241.78.189:8010,HTTPS,0.262,103天,18-01-19 21:00,安徽芜湖,高匿
112.114.92.198:8118,HTTP,0.317,50天,18-01-19 18:15,云南临沧,高匿
61.178.238.122:63000,HTTP,0.338,687天,18-01-19 16:55,甘肃兰州市城关区,高匿
27.10.119.88:8118,HTTPS,0.171,2天,18-01-19 14:35,重庆,高匿
219.138.58.236:3128,HTTPS,0.291,27天,18-01-19 10:53,湖北襄阳,高匿
219.138.58.215:3128,HTTPS,0.307,27天,18-01-19 09:30,湖北襄阳,高匿
125.40.47.18:80,HTTPS,0.09,5天,18-01-19 09:16,河南郑州,高匿
223.241.78.33:8010,HTTPS,0.32,61天,18-01-19 08:33,安徽芜湖,高匿
171.35.103.37:808,HTTPS,0.196,60天,18-01-19 07:57,江西,高匿
219.138.58.232:3128,HTTPS,0.269,50天,18-01-19 07:55,湖北襄阳,高匿
219.138.58.253:3128,HTTPS,0.584,49天,18-01-19 07:45,湖北襄阳,高匿
118.254.145.175:3128,HTTPS,0.223,19天,18-01-19 07:33,湖南衡阳,高匿
219.138.58.184:3128,HTTPS,0.345,45天,18-01-19 05:31,湖北襄阳,高匿
219.138.58.208:3128,HTTPS,0.485,21天,18-01-19 04:56,湖北襄阳,高匿
110.73.51.8:8123,HTTP,0.265,639天,18-01-19 04:15,广西南宁,高匿
219.138.58.254:3128,HTTPS,0.526,28天,18-01-19 03:09,湖北襄阳,高匿
110.73.0.127:8123,HTTP,0.329,673天,18-01-19 02:04,广西防城港,高匿
219.138.58.212:3128,HTTPS,0.608,37天,18-01-19 02:01,湖北襄阳,高匿
219.138.58.155:3128,HTTP,0.462,17天,18-01-19 01:41,湖北襄阳,高匿
118.254.153.167:3128,HTTPS,0.232,26天,18-01-19 00:44,湖南衡阳,高匿
219.138.58.23:3128,HTTP,0.301,39天,18-01-19 00:01,湖北襄阳,高匿
111.155.116.205:8123,HTTP,0.445,535天,18-01-18 23:33,北京,高匿
219.138.58.202:3128,HTTP,0.782,52天,18-01-18 21:36,湖北襄阳,高匿
120.27.10.38:8090,HTTPS,0.06,96天,18-01-18 21:00,北京,高匿
27.40.141.55:61234,HTTP,0.343,4天,18-01-18 20:35,广东湛江,高匿
110.73.15.20:8123,HTTPS,0.328,94天,18-01-18 20:15,广西防城港,高匿
221.233.85.115:3128,HTTPS,0.265,43天,18-01-18 17:45,湖北襄阳,高匿
110.73.55.245:8123,HTTPS,0.876,123天,18-01-18 17:16,广西南宁,高匿
221.4.133.67:53281,HTTPS,0.237,155天,18-01-18 15:30,广东东莞,高匿
118.254.142.42:53281,HTTPS,0.167,155天,18-01-18 12:16,湖南衡阳,高匿
219.138.58.86:3128,HTTPS,0.934,54天,18-01-18 10:46,湖北襄阳,高匿
118.120.184.149:36253,HTTP,0.812,92天,18-01-18 10:01,四川,高匿
223.241.118.69:8010,HTTPS,0.686,67天,18-01-18 09:33,安徽,高匿
110.73.33.208:8123,HTTP,0.344,704天,18-01-18 09:31,广西防城港,高匿
223.241.117.102:8010,HTTPS,0.646,51天,18-01-18 08:45,安徽,高匿
115.46.97.150:8123,HTTPS,0.399,51天,18-01-18 08:22,广西南宁,高匿
219.138.58.121:3128,HTTPS,0.245,27天,18-01-18 05:33,湖北襄阳,高匿
112.114.97.70:8118,HTTPS,0.346,164天,18-01-18 05:11,云南临沧,高匿
219.138.58.143:3128,HTTPS,0.979,57天,18-01-18 05:00,湖北襄阳,高匿
115.215.49.115:22594,HTTPS,0.158,60天,18-01-18 04:45,浙江宁波,高匿
221.233.85.187:3128,HTTP,0.749,22天,18-01-18 03:22,湖北襄阳,高匿
219.138.58.74:3128,HTTPS,0.739,49天,18-01-18 03:01,湖北襄阳,高匿
110.73.50.42:8123,HTTP,0.297,327天,18-01-18 01:22,广西南宁,高匿
219.138.58.199:3128,HTTP,0.3,39天,18-01-18 00:11,湖北襄阳,高匿
36.57.207.244:51225,HTTPS,0.185,76天,18-01-17 21:44,安徽,高匿
110.73.41.236:8123,HTTP,0.852,182天,18-01-17 21:15,广西南宁,高匿
219.138.58.146:3128,HTTP,0.664,27天,18-01-17 21:12,湖北襄阳,高匿
117.27.111.142:31255,HTTPS,0.205,16天,18-01-17 20:33,福建龙岩,高匿
113.121.241.210:808,HTTP,0.328,303天,18-01-17 20:16,山东德州,高匿
115.46.99.26:8123,HTTP,0.296,320天,18-01-17 19:33,广西南宁,高匿
221.233.85.18:3128,HTTP,0.23,64天,18-01-17 17:52,湖北襄阳,高匿
49.85.2.228:45488,HTTPS,0.426,13天,18-01-17 16:45,江苏泰州,高匿
101.201.79.172:808,HTTPS,0.213,5天,18-01-17 15:21,北京,高匿
59.51.121.195:3128,HTTPS,0.239,4天,18-01-17 14:22,湖南衡阳,高匿
219.138.58.229:3128,HTTP,0.713,10天,18-01-17 13:34,湖北襄阳,高匿
113.121.181.182:28307,HTTPS,0.741,40天,18-01-17 11:45,山东,高匿
183.52.150.44:61234,HTTPS,0.375,7天,18-01-17 10:53,广东,高匿
180.118.241.251:61234,HTTPS,0.788,113天,18-01-17 10:17,江苏镇江,高匿
110.88.247.253:40360,HTTPS,0.206,20天,18-01-17 10:15,福建泉州,高匿
219.138.58.198:3128,HTTP,0.893,39天,18-01-17 10:11,湖北襄阳,高匿
110.73.30.62:8123,HTTP,0.288,706天,18-01-17 09:30,广西防城港,高匿
219.138.58.111:3128,HTTP,0.275,14天,18-01-17 07:50,湖北襄阳,高匿
219.138.58.114:3128,HTTP,0.603,56天,18-01-17 07:12,湖北襄阳,高匿
110.73.49.85:8123,HTTP,0.291,743天,18-01-17 03:11,广西南宁,高匿
182.88.178.169:8123,HTTPS,0.357,105天,18-01-17 01:15,广西南宁,高匿
115.46.74.176:8118,HTTP,0.511,117天,18-01-17 00:30,广西南宁,高匿
111.155.116.211:8123,HTTP,0.499,541天,18-01-17 00:22,北京,高匿
110.73.50.120:8123,HTTP,0.298,683天,18-01-17 00:11,广西南宁,高匿
223.241.119.129:808,HTTP,0.682,166天,18-01-16 23:45,安徽,高匿
110.73.53.88:8123,HTTP,0.711,704天,18-01-16 23:44,广西南宁,高匿
219.138.58.49:3128,HTTPS,0.259,19天,18-01-16 22:27,湖北襄阳,高匿
223.241.116.215:8010,HTTPS,0.591,49天,18-01-16 22:11,安徽,高匿
110.73.15.203:8123,HTTP,0.261,681天,18-01-16 21:01,广西防城港,高匿
223.241.116.54:8010,HTTP,0.213,16天,18-01-16 19:55,安徽,高匿
110.73.2.228:8123,HTTP,0.348,726天,18-01-16 19:00,广西防城港,高匿
122.241.75.70:808,HTTPS,0.247,189天,18-01-16 18:22,浙江丽水,高匿
121.31.137.213:8123,HTTP,0.284,604天,18-01-16 18:16,广西北海,高匿
183.52.150.215:61234,HTTP,0.251,6天,18-01-16 16:23,广东,高匿
121.31.153.59:8123,HTTP,0.834,715天,18-01-16 16:18,广西北海,高匿
110.73.0.77:8123,HTTP,0.31,720天,18-01-16 16:15,广西防城港,高匿
111.155.116.249:8123,HTTP,0.945,516天,18-01-16 15:45,北京,高匿
110.73.7.94:8123,HTTP,0.266,807天,18-01-16 15:22,广西防城港,高匿
171.13.37.21:808,HTTPS,0.332,258天,18-01-16 14:15,河南,高匿
111.155.116.235:8123,HTTP,0.405,532天,18-01-16 13:16,北京,高匿
121.31.198.155:8123,HTTP,0.962,743天,18-01-16 13:15,广西桂林,高匿
121.31.199.92:8123,HTTPS,0.766,200天,18-01-16 13:15,广西桂林,高匿
223.241.78.51:8118,HTTP,0.203,540天,18-01-16 13:01,安徽芜湖,高匿
123.163.167.103:808,HTTPS,0.154,212天,18-01-16 12:46,河南三门峡,高匿
180.118.242.65:808,HTTPS,0.245,196天,18-01-16 12:45,江苏镇江,高匿
101.68.73.54:53281,HTTP,0.218,152天,18-01-16 08:30,浙江杭州,高匿
112.114.95.85:8118,HTTP,0.343,36天,18-01-16 06:45,云南临沧,高匿
219.138.58.203:3128,HTTP,0.733,11天,18-01-16 06:45,湖北襄阳,高匿
125.72.106.232:808,HTTP,0.227,95天,18-01-16 04:44,青海西宁,高匿
219.138.58.219:3128,HTTPS,0.863,19天,18-01-16 04:22,湖北襄阳,高匿
110.73.31.168:8123,HTTP,0.285,649天,18-01-16 02:31,广西防城港,高匿
171.13.37.195:808,HTTP,0.233,290天,18-01-16 00:22,河南,高匿
110.73.13.69:8123,HTTP,0.373,668天,18-01-15 21:11,广西防城港,高匿
115.213.202.153:808,HTTP,0.205,207天,18-01-15 19:44,浙江丽水,高匿
219.138.58.118:3128,HTTPS,0.847,53天,18-01-15 19:30,湖北襄阳,高匿
114.218.249.165:61234,HTTP,0.266,7天,18-01-15 19:22,江苏苏州,高匿
121.31.102.175:8123,HTTP,0.491,485天,18-01-15 17:36,广西防城港,高匿
110.73.50.102:8123,HTTP,0.377,670天,18-01-15 13:45,广西南宁,高匿
220.162.155.119:32335,HTTP,0.214,6天,18-01-15 11:45,福建龙岩,高匿
122.4.42.240:40587,HTTP,0.18,61天,18-01-15 10:33,山东济南,高匿
222.85.50.31:808,HTTPS,0.389,277天,18-01-15 10:22,河南平顶山,高匿
110.189.207.207:29572,HTTPS,0.379,36天,18-01-15 08:45,四川德阳,高匿
219.138.58.22:3128,HTTP,0.597,15天,18-01-15 08:20,湖北襄阳,高匿
112.114.92.5:8118,HTTPS,0.314,36天,18-01-15 05:36,云南临沧,高匿
110.73.5.226:8123,HTTP,0.664,718天,18-01-15 03:22,广西防城港,高匿
36.99.206.241:808,HTTPS,0.372,249天,18-01-15 02:33,浙江,高匿
180.118.241.123:808,HTTPS,0.427,194天,18-01-15 01:45,江苏镇江,高匿
110.73.1.177:8123,HTTPS,0.334,112天,18-01-15 00:22,广西防城港,高匿
121.31.100.157:8123,HTTP,0.441,490天,18-01-14 20:22,广西防城港,高匿
115.46.64.163:8123,HTTP,0.454,662天,18-01-14 19:31,广西南宁,高匿
49.85.15.163:25178,HTTPS,0.166,33天,18-01-14 16:55,江苏泰州,高匿
219.138.58.110:3128,HTTPS,0.242,21天,18-01-14 13:55,湖北襄阳,高匿
222.85.50.58:808,HTTP,0.449,288天,18-01-14 13:33,河南平顶山,高匿
121.31.102.48:8123,HTTP,0.708,531天,18-01-14 13:16,广西防城港,高匿
219.138.58.139:3128,HTTPS,0.314,17天,18-01-14 11:55,湖北襄阳,高匿
115.213.253.225:808,HTTPS,0.21,230天,18-01-14 11:55,浙江丽水,高匿
180.118.243.252:808,HTTP,0.254,248天,18-01-14 11:30,江苏镇江,高匿
219.138.58.93:3128,HTTPS,0.508,41天,18-01-14 10:22,湖北襄阳,高匿
183.52.150.134:61234,HTTP,0.282,8天,18-01-14 09:11,广东,高匿
110.73.11.161:8123,HTTP,0.273,630天,18-01-14 08:33,广西防城港,高匿
110.72.35.175:8123,HTTP,0.271,693天,18-01-14 05:22,广西贵港,高匿
180.118.240.120:808,HTTPS,0.468,246天,18-01-14 05:15,江苏镇江,高匿
111.155.116.195:8123,HTTP,0.41,536天,18-01-14 00:55,北京,高匿
183.52.150.153:61234,HTTP,0.282,8天,18-01-14 00:11,广东,高匿
58.240.226.185:80,HTTPS,0.421,140天,18-01-13 23:32,江苏苏州,高匿
121.31.139.106:8123,HTTP,0.316,669天,18-01-13 23:22,广西北海,高匿
110.73.48.202:8123,HTTP,0.317,740天,18-01-13 22:46,广西南宁,高匿
120.34.90.149:41738,HTTPS,0.29,65天,18-01-13 21:22,福建龙岩,高匿
121.31.159.72:8123,HTTP,0.305,665天,18-01-13 21:11,广西北海,高匿
117.95.83.148:37951,HTTPS,0.198,62天,18-01-13 20:33,江苏淮安,高匿
219.138.58.96:3128,HTTP,0.931,22天,18-01-13 18:31,湖北襄阳,高匿
219.138.58.55:3128,HTTP,0.691,26天,18-01-13 18:30,湖北襄阳,高匿
121.31.148.67:8123,HTTP,0.275,319天,18-01-13 17:46,广西北海,高匿
223.241.79.75:8010,HTTPS,0.279,77天,18-01-13 16:11,安徽芜湖,高匿
49.85.11.125:36407,HTTP,0.153,108天,18-01-13 15:45,江苏泰州,高匿
110.73.31.107:8123,HTTPS,0.319,145天,18-01-13 14:22,广西防城港,高匿
222.76.187.27:8118,HTTP,0.188,22天,18-01-13 11:15,福建厦门,高匿
110.72.33.71:8123,HTTP,0.296,374天,18-01-13 10:29,广西贵港,高匿
115.215.51.218:808,HTTPS,0.316,216天,18-01-13 10:16,浙江宁波,高匿
110.72.16.12:8123,HTTP,0.325,604天,18-01-13 09:35,广西贵港,高匿
219.138.58.158:3128,HTTPS,0.739,8天,18-01-13 09:33,湖北襄阳,高匿
110.73.33.212:8123,HTTPS,0.305,165天,18-01-13 09:21,广西防城港,高匿
219.138.58.97:3128,HTTPS,0.807,13天,18-01-13 08:20,湖北襄阳,高匿
111.155.116.217:8123,HTTP,0.356,285天,18-01-13 07:17,北京,高匿
111.155.116.210:8123,HTTP,0.81,301天,18-01-13 03:44,北京,高匿
171.38.76.112:8123,HTTP,0.262,726天,18-01-13 00:11,广西玉林,高匿
153.35.185.71:80,HTTP,0.141,376天,18-01-12 22:40,江苏,高匿
111.155.124.73:8123,HTTP,0.477,535天,18-01-12 18:22,北京,高匿
123.55.187.120:808,HTTPS,0.256,226天,18-01-12 17:55,河南三门峡,高匿
117.82.240.163:28303,HTTPS,0.409,12天,18-01-12 17:15,江苏苏州,高匿
121.237.6.109:8118,HTTPS,0.166,155天,18-01-12 15:22,江苏南京,高匿
219.138.58.196:3128,HTTPS,0.652,20天,18-01-12 14:00,湖北襄阳,高匿
115.217.254.147:808,HTTPS,0.404,265天,18-01-12 12:33,浙江宁波,高匿
180.118.241.107:808,HTTP,0.802,195天,18-01-12 08:46,江苏镇江,高匿
219.138.58.141:3128,HTTPS,0.98,35天,18-01-12 07:50,湖北襄阳,高匿
223.241.116.116:8010,HTTPS,0.423,66天,18-01-12 06:22,安徽,高匿
111.155.116.219:8123,HTTP,0.403,503天,18-01-12 01:16,北京,高匿
27.40.138.182:61234,HTTPS,0.54,73天,18-01-12 00:55,广东湛江,高匿
110.73.7.184:8123,HTTP,0.41,487天,18-01-11 23:45,广西防城港,高匿
115.46.77.222:8123,HTTP,0.871,792天,18-01-11 23:44,广西南宁,高匿
110.73.35.216:8123,HTTPS,0.379,208天,18-01-11 23:33,广西防城港,高匿
118.254.149.234:3128,HTTP,0.262,11天,18-01-11 22:45,湖南衡阳,高匿
121.31.154.214:8123,HTTPS,0.963,48天,18-01-11 22:26,广西北海,高匿
110.73.0.58:8123,HTTP,0.56,805天,18-01-11 21:41,广西防城港,高匿
118.254.151.62:3128,HTTPS,0.224,15天,18-01-11 21:22,湖南衡阳,高匿
222.85.50.161:808,HTTPS,0.19,250天,18-01-11 16:45,河南平顶山,高匿
113.108.204.74:8888,HTTPS,0.165,107天,18-01-11 16:16,广东广州,高匿
219.138.58.45:3128,HTTP,0.46,18天,18-01-11 15:56,湖北襄阳,高匿
219.138.58.150:3128,HTTPS,0.776,42天,18-01-11 15:50,湖北襄阳,高匿
123.206.132.106:8888,HTTP,0.134,41天,18-01-11 15:01,,高匿
111.231.22.33:8888,HTTP,0.151,44天,18-01-11 15:00,北京,高匿
111.231.23.250:8888,HTTPS,0.149,44天,18-01-11 15:00,北京,高匿
111.231.2.216:8888,HTTP,0.141,44天,18-01-11 15:00,北京,高匿
219.138.58.17:3128,HTTPS,0.278,18天,18-01-11 14:00,湖北襄阳,高匿
110.73.14.11:8123,HTTP,0.34,319天,18-01-11 13:30,广西防城港,高匿
180.212.140.81:8118,HTTP,0.201,156天,18-01-11 12:55,天津,高匿
113.121.242.254:808,HTTPS,0.983,249天,18-01-11 12:46,山东德州,高匿
121.225.84.180:8118,HTTPS,0.224,94天,18-01-11 12:23,江苏,高匿
180.118.242.35:808,HTTPS,0.483,244天,18-01-11 10:45,江苏镇江,高匿
180.118.240.81:808,HTTPS,0.282,201天,18-01-11 10:31,江苏镇江,高匿
219.138.58.187:3128,HTTP,0.834,45天,18-01-11 09:50,湖北襄阳,高匿
222.85.50.219:808,HTTPS,0.183,262天,18-01-11 08:33,河南平顶山,高匿
222.76.187.248:8118,HTTP,0.288,30天,18-01-11 07:53,福建厦门,高匿
120.39.115.201:808,HTTPS,0.253,219天,18-01-11 07:33,福建厦门,高匿
171.12.166.136:808,HTTPS,0.416,252天,18-01-11 05:33,河南,高匿
110.72.20.99:8123,HTTPS,0.957,257天,18-01-11 03:55,广西贵港,高匿
110.73.7.7:8123,HTTP,0.35,698天,18-01-10 23:11,广西防城港,高匿
110.72.27.92:8123,HTTP,0.309,698天,18-01-10 22:22,广西贵港,高匿
115.217.253.149:42932,HTTPS,0.169,35天,18-01-10 20:33,浙江宁波,高匿
219.138.58.5:3128,HTTP,0.857,13天,18-01-10 18:54,湖北襄阳,高匿
116.31.124.104:3128,HTTPS,0.182,16天,18-01-10 17:50,广东,高匿
110.72.36.159:8123,HTTP,0.675,557天,18-01-10 15:55,广西贵港,高匿
121.31.148.127:8123,HTTP,0.458,594天,18-01-10 15:41,广西北海,高匿
110.73.54.53:8123,HTTP,0.367,693天,18-01-10 14:15,广西南宁,高匿
112.114.92.22:8118,HTTPS,0.873,163天,18-01-10 12:41,云南临沧,高匿
180.122.144.21:40096,HTTPS,0.153,72天,18-01-10 12:33,江苏泰州,高匿
219.138.58.33:3128,HTTP,0.693,44天,18-01-10 12:28,湖北襄阳,高匿
117.69.98.88:34572,HTTPS,0.155,69天,18-01-10 12:22,安徽宿州,高匿
221.233.85.64:3128,HTTPS,0.36,19天,18-01-10 11:33,湖北襄阳,高匿
110.73.2.235:8123,HTTP,0.326,737天,18-01-10 11:11,广西防城港,高匿
110.73.29.53:8123,HTTPS,0.358,53天,18-01-10 10:56,广西防城港,高匿
121.31.177.42:8123,HTTP,0.304,53天,18-01-10 10:26,广西北海,高匿
27.153.128.25:808,HTTPS,0.641,194天,18-01-10 10:22,福建莆田,高匿
110.73.52.219:8123,HTTP,0.341,29天,18-01-10 09:36,广西南宁,高匿
223.241.79.58:808,HTTP,0.415,199天,18-01-10 00:40,安徽芜湖,高匿
121.31.199.177:8123,HTTP,0.681,712天,18-01-09 23:22,广西桂林,高匿
111.231.22.57:8888,HTTPS,0.151,42天,18-01-09 23:10,北京,高匿
123.206.132.156:8888,HTTP,0.14,39天,18-01-09 22:27,,高匿
123.163.160.143:808,HTTPS,0.225,228天,18-01-09 19:44,河南三门峡,高匿
60.214.118.170:63000,HTTP,0.218,818天,18-01-09 19:05,山东枣庄,高匿
110.73.51.76:8123,HTTP,0.793,732天,18-01-09 19:01,广西南宁,高匿
110.73.7.35:8123,HTTPS,0.727,146天,18-01-09 18:14,广西防城港,高匿
49.85.9.115:45206,HTTPS,0.303,92天,18-01-09 16:22,江苏泰州,高匿
120.24.183.96:8118,HTTPS,0.179,15天,18-01-09 15:33,北京,高匿
119.114.19.138:9999,HTTP,0.183,322天,18-01-09 14:55,辽宁鞍山,高匿
123.163.163.60:808,HTTPS,0.328,213天,18-01-09 14:55,河南三门峡,高匿
49.85.12.186:32381,HTTP,0.17,27天,18-01-09 13:55,江苏泰州,高匿
121.226.155.66:808,HTTP,0.312,283天,18-01-09 13:11,江苏盐城,高匿
121.31.158.27:8123,HTTP,0.231,696天,18-01-09 13:01,广西北海,高匿
220.164.163.243:63000,HTTP,0.237,719天,18-01-09 11:15,云南曲靖,高匿
110.73.48.21:8123,HTTP,0.426,598天,18-01-09 09:44,广西南宁,高匿
222.76.187.205:8118,HTTPS,0.221,29天,18-01-09 09:21,福建厦门,高匿
121.231.146.179:6666,HTTPS,0.137,44天,18-01-09 08:33,江苏常州,高匿
118.254.155.66:3128,HTTP,0.9,20天,18-01-09 07:45,湖南衡阳,高匿
115.217.255.132:48223,HTTP,0.324,96天,18-01-09 07:22,浙江宁波,高匿
110.72.37.150:8123,HTTPS,0.328,54天,18-01-09 04:00,广西贵港,高匿
171.39.30.58:8123,HTTP,0.278,686天,18-01-09 03:33,广西百色,高匿
180.118.240.49:808,HTTP,0.235,220天,18-01-09 03:11,江苏镇江,高匿
121.31.153.238:8123,HTTPS,0.73,53天,18-01-09 02:48,广西北海,高匿
110.73.7.27:8123,HTTPS,0.667,62天,18-01-09 00:45,广西防城港,高匿
110.73.28.24:8123,HTTP,0.246,691天,18-01-09 00:22,广西防城港,高匿
110.73.42.111:8123,HTTPS,0.287,117天,18-01-08 21:31,广西南宁,高匿
121.31.147.139:8123,HTTP,0.801,817天,18-01-08 20:34,广西北海,高匿
110.73.15.90:8123,HTTP,0.401,526天,18-01-08 19:22,广西防城港,高匿
171.13.37.85:808,HTTPS,0.246,266天,18-01-08 19:22,河南,高匿
36.33.25.27:808,HTTPS,0.805,73天,18-01-08 18:11,安徽,高匿
121.31.138.228:8123,HTTPS,0.413,76天,18-01-08 15:36,广西北海,高匿
110.73.4.233:8123,HTTP,0.837,698天,18-01-08 14:42,广西防城港,高匿
110.73.53.183:8123,HTTP,0.533,518天,18-01-08 11:22,广西南宁,高匿
49.87.75.143:49254,HTTPS,0.14,14天,18-01-08 11:22,江苏淮安,高匿
219.138.58.53:3128,HTTPS,0.958,18天,18-01-08 10:20,湖北襄阳,高匿
121.31.145.77:8123,HTTP,0.229,690天,18-01-08 08:33,广西北海,高匿
120.33.247.184:808,HTTPS,0.33,228天,18-01-08 05:55,福建莆田,高匿
120.35.12.105:3128,HTTP,0.282,31天,18-01-08 04:27,福建福州,高匿
60.167.134.76:808,HTTP,0.23,190天,18-01-08 03:44,安徽芜湖,高匿
171.39.45.189:8123,HTTP,0.846,593天,18-01-08 02:45,广西百色,高匿
110.73.11.177:8123,HTTP,0.52,544天,18-01-08 01:27,广西防城港,高匿
110.73.43.21:8123,HTTPS,0.409,81天,18-01-08 01:05,广西南宁,高匿
125.109.194.124:31797,HTTP,0.158,248天,18-01-07 23:33,浙江温州,高匿
171.38.64.67:6675,socks4/5,0.786,1803天,18-01-07 22:44,,高匿
112.114.97.222:8118,HTTPS,0.339,169天,18-01-07 22:30,云南临沧,高匿
222.85.39.39:808,HTTP,0.349,279天,18-01-07 22:22,河南平顶山,高匿
110.189.207.83:31790,HTTPS,0.415,14天,18-01-07 21:55,四川德阳,高匿
121.31.103.210:8123,HTTPS,0.337,141天,18-01-07 20:43,广西防城港,高匿
110.72.20.30:8123,HTTP,0.28,713天,18-01-07 20:20,广西贵港,高匿
121.31.136.144:8123,HTTP,0.321,697天,18-01-07 19:30,广西北海,高匿
110.73.41.55:8123,HTTPS,0.282,66天,18-01-07 19:30,广西南宁,高匿
171.13.36.58:808,HTTPS,0.989,267天,18-01-07 19:22,河南,高匿
121.31.157.46:8123,HTTP,0.749,469天,18-01-07 17:44,广西北海,高匿
115.217.252.24:25950,HTTP,0.152,288天,18-01-07 16:33,浙江宁波,高匿
110.72.33.105:8123,HTTP,0.316,740天,18-01-07 15:44,广西贵港,高匿
1.194.128.205:808,HTTPS,0.613,269天,18-01-07 13:22,河南平顶山,高匿
110.73.32.115:8123,HTTP,0.359,417天,18-01-07 12:01,广西防城港,高匿
222.85.50.179:808,HTTP,0.196,252天,18-01-07 11:46,河南平顶山,高匿
121.31.102.143:8123,HTTP,0.508,788天,18-01-07 11:16,广西防城港,高匿
112.114.96.254:8118,HTTPS,0.365,157天,18-01-07 10:00,云南临沧,高匿
202.141.161.30:8118,HTTP,0.136,289天,18-01-07 09:30,安徽合肥,高匿
223.241.79.45:8010,HTTP,0.556,33天,18-01-07 09:01,安徽芜湖,高匿
219.138.58.70:3128,HTTPS,0.23,17天,18-01-07 08:33,湖北襄阳,高匿
112.114.97.52:8118,HTTPS,0.311,151天,18-01-07 08:19,云南临沧,高匿
222.76.187.202:8118,HTTPS,0.185,17天,18-01-07 07:31,福建厦门,高匿
49.87.146.38:47023,HTTPS,0.162,95天,18-01-07 07:22,江苏淮安,高匿
123.53.132.226:39042,HTTPS,0.108,69天,18-01-07 05:33,河南许昌,高匿
110.73.11.146:8123,HTTP,0.773,307天,18-01-07 05:33,广西防城港,高匿
110.72.20.137:8123,HTTP,0.345,377天,18-01-07 05:22,广西贵港,高匿
171.38.66.79:8123,HTTP,0.801,740天,18-01-07 02:45,广西玉林,高匿
221.229.18.62:3128,HTTPS,0.248,81天,18-01-07 02:45,江苏扬州,高匿
110.73.10.43:8123,HTTP,0.289,317天,18-01-07 02:44,广西防城港,高匿
1.195.9.234:808,HTTPS,0.451,210天,18-01-07 01:46,河南新乡,高匿
182.88.191.76:8123,HTTP,0.366,295天,18-01-07 00:01,广西南宁,高匿
110.73.55.181:8123,HTTP,0.261,808天,18-01-06 23:31,广西南宁,高匿
113.121.240.70:808,HTTPS,0.276,265天,18-01-06 23:15,山东德州,高匿
110.73.14.235:8123,HTTPS,0.43,198天,18-01-06 21:32,广西防城港,高匿
49.85.5.147:25570,HTTPS,0.252,16天,18-01-06 21:16,江苏泰州,高匿
219.138.58.72:3128,HTTPS,0.528,22天,18-01-06 21:15,湖北襄阳,高匿
121.31.102.219:8123,HTTP,0.203,578天,18-01-06 20:45,广西防城港,高匿
219.138.58.164:3128,HTTPS,0.651,34天,18-01-06 20:30,湖北襄阳,高匿
118.254.151.113:3128,HTTPS,0.237,24天,18-01-06 18:15,湖南衡阳,高匿
121.31.147.179:8123,HTTP,0.926,744天,18-01-06 18:11,广西北海,高匿
180.119.65.110:808,HTTPS,0.174,255天,18-01-06 18:11,江苏扬州,高匿
110.88.247.183:42513,HTTPS,0.211,44天,18-01-06 15:55,福建泉州,高匿
222.85.50.140:808,HTTPS,0.48,185天,18-01-06 15:22,河南平顶山,高匿
110.73.6.222:8123,HTTP,0.501,365天,18-01-06 14:15,广西防城港,高匿
223.241.117.178:8010,HTTPS,0.838,35天,18-01-06 13:22,安徽,高匿
180.155.137.203:45313,HTTPS,0.131,93天,18-01-06 12:22,上海,高匿
121.31.192.76:8123,HTTP,0.596,692天,18-01-06 11:11,广西桂林,高匿
123.149.162.234:39951,HTTPS,0.172,249天,18-01-06 09:46,河南洛阳,高匿
180.122.144.199:40613,HTTPS,0.16,68天,18-01-06 08:33,江苏泰州,高匿
171.108.205.85:53281,HTTPS,0.55,142天,18-01-06 08:31,广西,高匿
113.221.46.43:808,HTTPS,0.409,15天,18-01-06 08:15,湖南长沙,高匿
49.85.12.154:47185,HTTPS,0.192,24天,18-01-06 07:11,江苏泰州,高匿
113.121.241.55:808,HTTPS,0.313,243天,18-01-06 04:22,山东德州,高匿
110.73.53.16:8123,HTTP,0.34,673天,18-01-06 02:01,广西南宁,高匿
110.72.32.141:8123,HTTP,0.762,538天,18-01-05 22:26,广西贵港,高匿
121.31.155.53:8123,HTTPS,0.717,59天,18-01-05 21:16,广西北海,高匿
49.87.75.34:36227,HTTPS,0.2,86天,18-01-05 20:33,江苏淮安,高匿
171.13.36.168:808,HTTPS,0.506,269天,18-01-05 18:11,河南,高匿
110.73.51.175:8123,HTTP,0.41,515天,18-01-05 16:56,广西南宁,高匿
113.221.13.242:8888,HTTPS,0.208,16天,18-01-05 15:44,湖南长沙,高匿
49.85.3.244:21702,HTTPS,0.951,27天,18-01-05 15:33,江苏泰州,高匿
110.73.3.198:8123,HTTP,0.316,710天,18-01-05 15:15,广西防城港,高匿
112.114.93.32:8118,HTTP,0.348,31天,18-01-05 13:00,云南临沧,高匿
115.215.49.102:27044,HTTPS,0.171,37天,18-01-05 12:16,浙江宁波,高匿
113.221.13.27:8888,HTTPS,0.215,16天,18-01-05 11:24,湖南长沙,高匿
113.121.243.111:808,HTTPS,0.195,269天,18-01-05 10:33,山东德州,高匿
223.241.79.52:8010,HTTPS,0.39,57天,18-01-05 10:31,安徽芜湖,高匿
223.241.118.89:8010,HTTP,0.461,33天,18-01-05 10:11,安徽,高匿
219.138.58.78:3128,HTTPS,0.271,35天,18-01-05 09:00,湖北襄阳,高匿
110.85.89.211:808,HTTPS,0.711,182天,18-01-05 08:55,福建莆田,高匿
114.230.219.15:808,HTTPS,0.36,247天,18-01-05 07:33,江苏扬州,高匿
180.122.146.217:48336,HTTP,0.556,74天,18-01-05 07:22,江苏泰州,高匿
180.118.243.202:808,HTTP,0.714,200天,18-01-05 05:15,江苏镇江,高匿
112.114.97.18:8118,HTTP,0.333,34天,18-01-05 04:25,云南临沧,高匿
110.73.51.253:8123,HTTP,0.281,697天,18-01-05 02:00,广西南宁,高匿
110.73.35.196:8123,HTTP,0.342,698天,18-01-04 21:17,广西防城港,高匿
171.37.193.182:8123,HTTP,0.784,656天,18-01-04 20:15,广西,高匿
180.118.242.118:808,HTTPS,0.211,226天,18-01-04 20:01,江苏镇江,高匿
110.73.51.12:8123,HTTP,0.519,334天,18-01-04 17:51,广西南宁,高匿
180.118.242.77:61234,HTTPS,0.215,93天,18-01-04 17:11,江苏镇江,高匿
114.239.145.10:808,HTTP,0.575,291天,18-01-04 15:55,江苏宿迁市泗阳县,高匿
219.138.58.168:3128,HTTPS,0.581,35天,18-01-04 14:47,湖北襄阳,高匿
219.138.58.82:3128,HTTPS,0.759,36天,18-01-04 12:00,湖北襄阳,高匿
125.126.171.24:36081,HTTPS,0.164,31天,18-01-04 11:15,浙江台州,高匿
223.241.79.241:808,HTTP,0.373,193天,18-01-04 10:33,安徽芜湖,高匿
117.90.108.101:49651,HTTPS,0.46,27天,18-01-04 09:55,江苏镇江,高匿
223.241.79.215:8010,HTTPS,0.335,30天,18-01-04 08:01,安徽芜湖,高匿
171.13.37.1:808,HTTPS,0.216,251天,18-01-04 07:33,河南,高匿
49.85.14.208:43316,HTTPS,0.208,91天,18-01-04 06:33,江苏泰州,高匿
223.241.117.5:8010,HTTP,0.79,38天,18-01-04 06:00,安徽,高匿
118.254.149.182:3128,HTTPS,0.325,23天,18-01-04 05:33,湖南衡阳,高匿
110.72.22.148:8123,HTTPS,0.611,264天,18-01-04 04:33,广西贵港,高匿
27.40.147.85:808,HTTPS,0.21,76天,18-01-04 03:30,广东湛江,高匿
110.73.55.84:8123,HTTP,0.338,696天,18-01-04 01:00,广西南宁,高匿
115.46.73.47:8123,HTTP,0.338,283天,18-01-04 00:13,广西南宁,高匿
49.87.75.45:49729,HTTPS,0.159,47天,18-01-03 23:15,江苏淮安,高匿
123.55.186.184:808,HTTPS,0.567,205天,18-01-03 22:22,河南三门峡,高匿
49.87.75.231:31773,HTTPS,0.15,91天,18-01-03 21:22,江苏淮安,高匿
110.72.40.156:8123,HTTP,0.46,689天,18-01-03 21:11,广西贵港,高匿
223.241.119.31:8010,HTTPS,0.255,26天,18-01-03 20:44,安徽,高匿
110.73.43.182:8123,HTTP,0.598,754天,18-01-03 18:55,广西南宁,高匿
114.239.3.35:808,HTTPS,0.19,271天,18-01-03 17:55,江苏宿迁,高匿
110.73.54.178:8123,HTTP,0.623,287天,18-01-03 17:01,广西南宁,高匿
171.13.37.166:808,HTTP,0.193,310天,18-01-03 16:45,河南,高匿
115.221.124.170:39237,HTTPS,0.493,92天,18-01-03 12:22,浙江温州,高匿
183.32.88.123:808,HTTP,0.6,301天,18-01-03 12:11,广东中山,高匿
112.114.98.143:8118,HTTPS,0.727,132天,18-01-03 11:57,云南临沧,高匿
113.121.243.227:808,HTTPS,0.225,168天,18-01-03 11:15,山东德州,高匿
114.239.0.42:808,HTTP,0.349,279天,18-01-03 10:45,江苏宿迁,高匿
59.58.243.18:22413,HTTPS,0.286,44天,18-01-03 09:11,福建龙岩,高匿
183.32.88.25:808,HTTP,0.846,300天,18-01-03 07:44,广东中山,高匿
183.32.88.151:808,HTTP,0.567,306天,18-01-03 07:01,广东中山,高匿
111.155.116.222:8123,HTTP,0.558,488天,18-01-03 06:34,北京,高匿
183.32.88.74:808,HTTP,0.508,295天,18-01-03 05:11,广东中山,高匿
110.73.53.24:8123,HTTP,0.305,802天,18-01-03 03:45,广西南宁,高匿
115.46.89.231:8123,HTTP,0.208,583天,18-01-03 02:46,广西南宁,高匿
110.73.53.221:8123,HTTP,0.256,693天,18-01-03 01:44,广西南宁,高匿
171.39.28.120:8123,HTTP,0.419,586天,18-01-03 01:22,广西百色,高匿
183.32.88.8:808,HTTP,0.483,303天,18-01-03 01:15,广东中山,高匿
183.32.88.47:808,HTTPS,0.49,243天,18-01-02 23:33,广东中山,高匿
183.32.89.93:808,HTTPS,0.541,237天,18-01-02 22:22,广东中山,高匿
110.73.4.216:8123,HTTP,0.526,488天,18-01-02 22:07,广西防城港,高匿
171.13.37.41:808,HTTPS,0.302,255天,18-01-02 21:33,河南,高匿
183.32.89.92:808,HTTP,0.539,276天,18-01-02 20:45,广东中山,高匿
112.114.99.213:8118,HTTP,0.655,139天,18-01-02 20:22,云南临沧,高匿
110.73.3.235:8123,HTTP,0.389,779天,18-01-02 17:58,广西防城港,高匿
49.85.9.120:25890,HTTP,0.178,24天,18-01-02 16:22,江苏泰州,高匿
113.121.241.106:808,HTTP,0.191,236天,18-01-02 16:22,山东德州,高匿
121.31.199.121:8123,HTTP,0.346,680天,18-01-02 16:05,广西桂林,高匿
223.241.117.162:8010,HTTPS,0.394,33天,18-01-02 15:45,安徽,高匿
183.32.88.197:808,HTTP,0.917,305天,18-01-02 12:22,广东中山,高匿
183.32.88.6:808,HTTP,0.665,296天,18-01-02 08:33,广东中山,高匿
118.254.151.193:3128,HTTPS,0.303,68天,18-01-02 05:11,湖南衡阳,高匿
110.73.9.214:8123,HTTP,0.835,668天,18-01-02 03:22,广西防城港,高匿
183.32.88.72:808,HTTP,0.534,298天,18-01-02 01:44,广东中山,高匿
218.64.92.50:808,HTTPS,0.329,253天,18-01-01 21:37,江西吉安,高匿
113.121.40.59:808,HTTP,0.244,233天,18-01-01 19:33,山东烟台,高匿
221.233.85.170:3128,HTTPS,0.576,22天,18-01-01 18:55,湖北襄阳,高匿
183.32.88.170:808,HTTP,0.918,303天,18-01-01 13:11,广东中山,高匿
117.86.187.79:8088,HTTP,0.222,469天,18-01-01 13:00,江苏南通,高匿
183.32.88.221:808,HTTP,0.954,304天,18-01-01 13:00,广东中山,高匿
36.33.25.185:808,HTTPS,0.615,143天,18-01-01 12:15,安徽,高匿
183.32.88.116:808,HTTP,0.658,301天,18-01-01 11:01,广东中山,高匿
183.32.88.66:808,HTTP,0.871,304天,18-01-01 10:22,广东中山,高匿
183.32.88.133:808,HTTP,0.561,304天,18-01-01 08:46,广东中山,高匿
223.241.116.145:8010,HTTPS,0.892,36天,18-01-01 08:22,安徽,高匿
221.233.86.83:3128,HTTP,0.736,24天,18-01-01 07:55,湖北襄阳,高匿
49.87.146.87:21870,HTTPS,0.517,94天,18-01-01 05:33,江苏淮安,高匿
182.88.46.71:8123,HTTPS,0.29,209天,18-01-01 05:30,广西南宁,高匿
183.32.88.135:808,HTTP,0.554,274天,18-01-01 04:31,广东中山,高匿
183.32.89.105:808,HTTP,0.563,230天,18-01-01 03:16,广东中山,高匿
183.32.88.50:808,HTTP,0.548,304天,18-01-01 03:11,广东中山,高匿
